﻿id,key,property
0,comment,Large biface
0,catalog,1996.004.11248
0,date,7/20/2021
0,material,chert
0,thickness,7.44
0,weight,27.44
0,ID,RPMS-11248-1
0,source,RJB
1,length,11.67
1,width,7.23
1,damage,base-corner
1,weight,0.11
1,artifact,2
1,catalog,1996.004.11250
1,source,RJB
1,material,chert
1,comment,"there is a possibility the base is broken, but I believe it is a complete point, although perhaps one that has been modified"
1,thickness,1.41
1,ID,RPMS-11250-2
1,date,5/1/2019
2,damage,base-corner
2,width,9.08
2,length,22.81
2,catalog,1996.004.11251
2,thickness,3.09
2,weight,0.52
2,artifact,1
2,source,RJB
2,material,chert
2,comment,almost complete
2,ID,RPMS-11251-1
2,date,5/1/2019
3,width,15.72
3,damage,distal
3,length,25.69
3,artifact,3
3,catalog,1996.004.11251
3,source,RJB
3,material,chert
3,thickness,3.45
3,weight,0.98
3,ID,RPMS-11251-3
3,date,5/1/2019
4,width,13.85
4,damage,base-corner; distal
4,length,22.76
4,artifact,4
4,catalog,1996.004.11251
4,source,RJB
4,material,chert
4,thickness,3.85
4,weight,1.34
4,ID,RPMS-11251-4
4,date,5/1/2019
5,width,8.22
5,damage,distal
5,length,14.57
5,artifact,1
5,catalog,1996.004.11252
5,source,RJB
5,material,chert
5,thickness,1.62
5,weight,0.2
5,ID,RPMS-11252-1
5,date,5/1/2019
6,width,9.54
6,length,25.01
6,catalog,1996.004.11254
6,thickness,2.07
6,weight,0.38
6,artifact,1
6,source,RJB
6,material,chert
6,comment,missing scan
6,ID,RPMS-11254-1
6,date,5/1/2019
7,width,10.92
7,damage,distal
7,length,21.75
7,artifact,1
7,catalog,1996.004.11255
7,source,RJB
7,material,chert
7,thickness,4.51
7,weight,0.97
7,ID,RPMS-11255-1
7,date,5/1/2019
8,width,16.76
8,damage,distal
8,length,17.53
8,artifact,1
8,catalog,1996.004.11256
8,source,RJB
8,material,chert
8,thickness,3.83
8,weight,1.02
8,ID,RPMS-11256-1
8,date,5/1/2019
9,width,12.47
9,length,17.93
9,artifact,2
9,catalog,1996.004.11256
9,source,RJB
9,material,chert
9,thickness,2.27
9,weight,0.38
9,ID,RPMS-11256-2
9,date,5/1/2019
10,width,10.87
10,damage,distal
10,length,18.11
10,artifact,1
10,catalog,1996.004.11257
10,source,RJB
10,material,chert
10,thickness,3.01
10,weight,0.48
10,ID,RPMS-11257-1
10,date,5/1/2019
11,width,10.54
11,damage,base-corner
11,length,19.1
11,artifact,2
11,catalog,1996.004.11257
11,source,RJB
11,material,chert
11,thickness,2.55
11,weight,0.37
11,ID,RPMS-11257-2
11,date,5/1/2019
12,length,18.84
12,width,8.27
12,weight,0.21
12,artifact,3
12,catalog,1996.004.11258
12,source,RJB
12,material,chert
12,comment,Serration makes it unclear if any are meant to be notches
12,thickness,2.11
12,ID,RPMS-11258-3
12,date,5/1/2019
13,catalog,1996.004.11259
13,damage,tip
13,length,22.53
13,width,8.27
13,thickness,1.86
13,weight,0.32
13,artifact,1
13,source,RJB
13,material,chert
13,comment,few flake scars
13,ID,RPMS-11259-1
13,date,5/1/2019
14,width,8.23
14,damage,distal
14,length,15.73
14,artifact,2
14,catalog,1996.004.11261
14,source,RJB
14,material,chert
14,thickness,2.5
14,weight,0.31
14,ID,RPMS-11261-2
14,date,5/1/2019
15,width,12.7
15,damage,distal
15,length,16.74
15,artifact,1
15,catalog,1996.004.11262
15,source,RJB
15,material,chert
15,thickness,2.4
15,weight,0.44
15,ID,RPMS-11262-1
15,date,5/1/2019
16,catalog,1996.004.05432
16,date,7/20/2021
16,material,chert
16,thickness,5.7
16,notch,corner
16,ID,RPMS-5432-1
16,weight,1.81
16,damage,distal
16,source,RJB
17,catalog,1996.004.05432
17,source,RJB
17,material,chert
17,thickness,2
17,ID,RPMS-5432-2
17,date,7/20/2021
17,weight,0.29
17,damage,distal
17,notch,side
18,material,chert
18,thickness,4.4
18,catalog,1996.004.05434
18,ID,RPMS-5434-1
18,date,7/20/2021
18,damage,distal;ear-right; ear-left
18,weight,1.11
18,notch,corner
18,source,RJB
19,catalog,1996.004.05436
19,source,RJB
19,material,chert
19,thickness,2.4
19,ID,RPMS-5436-1
19,date,7/20/2021
19,weight,0.31
19,damage,distal
19,notch,side
20,material,chert
20,thickness,3.1
20,catalog,1996.004.05441
20,ID,RPMS-5441-2
20,date,7/20/2021
20,weight,0.46
20,damage,tip;ear-right
20,source,RJB
21,catalog,1996.004.05449
21,material,mafic igneous fine-grained?
21,date,7/20/2021
21,thickness,3.7
21,notch,corner
21,ID,RPMS-5449-1
21,weight,0.75
21,damage,base-proximal
21,source,RJB
22,thickness,2.9
22,catalog,1996.004.05451
22,date,7/20/2021
22,source,RJB
22,material,chert
22,weight,0.58
22,notch,side
22,ID,RPMS-5451-1
23,catalog,1996.004.05456
23,date,7/20/2021
23,material,chert
23,thickness,2.1
23,weight,0.2
23,ID,RPMS-5456-2
23,source,RJB
24,catalog,1996.004.05458
24,source,RJB
24,material,chert
24,thickness,2.1
24,ID,RPMS-5458-1
24,date,7/20/2021
24,weight,0.46
24,damage,tip; base-left
24,notch,side
25,catalog,1996.004.05468
25,source,RJB
25,material,chert
25,thickness,2.2
25,ID,RPMS-5468-1
25,date,7/20/2021
25,weight,0.39
25,notch,side; side-right
26,thickness,2.3
26,catalog,1996.004.05472
26,date,7/20/2021
26,source,RJB
26,material,chert
26,weight,0.42
26,damage,tip
26,ID,RPMS-5472-1
27,material,chert
27,thickness,3.8
27,catalog,1996.004.05474
27,ID,RPMS-5474-1
27,date,7/20/2021
27,damage,distal;ear-right; ear-left
27,weight,1
27,notch,corner?
27,source,RJB
28,material,chert
28,thickness,4.1
28,catalog,1996.004.05477
28,ID,RPMS-5477-1
28,date,7/20/2021
28,weight,0.79
28,damage,tip
28,notch,side
28,source,RJB
29,material,chert
29,thickness,3.3
29,catalog,1996.004.05478
29,ID,RPMS-5478-1
29,date,7/20/2021
29,weight,0.76
29,damage,distal
29,source,RJB
30,thickness,1.9
30,catalog,1996.004.05480
30,date,7/20/2021
30,source,RJB
30,material,chert
30,weight,0.31
30,notch,side
30,ID,RPMS-5480-1
31,material,chert?
31,catalog,1996.004.05481
31,date,7/20/2021
31,source,RJB
31,thickness,1.9
31,damage,distal; base-left; base-right
31,weight,0.43
31,notch,side
31,ID,RPMS-5481-1
32,catalog,1996.004.05483
32,date,7/20/2021
32,material,chert
32,thickness,2.4
32,weight,0.44
32,ID,RPMS-5483-1
32,source,RJB
33,catalog,1996.004.05488
33,source,RJB
33,material,chert
33,thickness,2.6
33,ID,RPMS-5488-1
33,date,7/20/2021
33,weight,0.9
33,damage,distal
33,notch,side
34,catalog,1996.004.05489
34,source,RJB
34,material,chert
34,thickness,1.9
34,ID,RPMS-5489-1
34,date,7/20/2021
34,weight,0.46
34,damage,distal
34,notch,side
35,thickness,4.4
35,catalog,1996.004.05490
35,date,7/20/2021
35,source,RJB
35,material,chert
35,weight,1.28
35,damage,tip
35,ID,RPMS-5490-1
36,thickness,3.9
36,catalog,1996.004.05555
36,date,8/3/2021
36,source,RJB
36,material,chert
36,weight,1.35
36,notch,side
36,ID,RPMS-5555-1
37,thickness,3
37,catalog,1996.004.05555
37,date,8/3/2021
37,source,RJB
37,material,chert
37,weight,0.54
37,notch,side
37,ID,RPMS-5555-3
38,material,chert
38,thickness,2.5
38,catalog,1996.004.05562
38,ID,RPMS-5562-1
38,date,8/3/2021
38,weight,0.44
38,damage,distal
38,source,RJB
39,catalog,1996.004.05563
39,source,RJB
39,material,chert
39,thickness,3.4
39,ID,RPMS-5563-1
39,date,8/3/2021
39,weight,0.62
39,damage,distal
39,notch,side
40,notch,corner
40,catalog,1996.004.05571
40,thickness,4.7
40,weight,1.51
40,damage,distal; ear-left;ear-right; proximal-base
40,source,RJB
40,material,chert
40,comment,serrated
40,ID,RPMS-5571-1
40,date,8/3/2021
41,notch,corner
41,catalog,1996.004.05573
41,thickness,4.4
41,weight,1.2
41,damage,base-proximal
41,source,RJB
41,material,chert
41,comment,serrated
41,ID,RPMS-5573-1
41,date,8/3/2021
42,material,chert
42,thickness,3.2
42,catalog,1996.004.05574
42,ID,RPMS-5574-1
42,date,8/3/2021
42,weight,0.79
42,damage,base-right
42,source,RJB
43,thickness,2.5
43,catalog,1996.004.05575
43,date,8/3/2021
43,source,RJB
43,material,chert
43,weight,0.71
43,notch,side
43,ID,RPMS-5575-1
44,material,chert
44,thickness,1.6
44,catalog,1996.004.05578
44,ID,RPMS-5578-1
44,date,8/3/2021
44,weight,0.21
44,damage,base-right
44,source,RJB
45,thickness,3.3
45,catalog,1996.004.05581
45,date,8/3/2021
45,source,RJB
45,material,chert
45,weight,0.59
45,notch,side
45,ID,RPMS-5581-1
46,material,chert
46,thickness,4.1
46,catalog,1996.004.05582
46,ID,RPMS-5582-1
46,date,8/3/2021
46,weight,0.79
46,damage,base-right
46,source,RJB
47,material,chert
47,thickness,2.1
47,catalog,1996.004.05584
47,ID,RPMS-5584-1
47,date,8/3/2021
47,notch,side; 2 on left
47,source,RJB
47,weight,0.63
47,damage,distal; base-right
48,thickness,1.6
48,catalog,1996.004.05586
48,date,8/3/2021
48,source,RJB
48,material,chert
48,weight,0.32
48,notch,side
48,ID,RPMS-5586-1
49,material,chert
49,thickness,3.4
49,catalog,1996.004.05589
49,ID,RPMS-5589-1
49,date,8/3/2021
49,weight,0.76
49,damage,tip; base-left
49,source,RJB
50,thickness,4.8
50,catalog,1996.004.05592
50,date,8/3/2021
50,source,RJB
50,material,chert
50,weight,1.27
50,notch,side
50,ID,RPMS-5592-1
51,comment,curved flake
51,catalog,1996.004.05596
51,date,8/3/2021
51,material,chert
51,thickness,2.9
51,weight,1.29
51,ID,RPMS-5596-1
51,source,RJB
52,material,chert
52,thickness,2.8
52,catalog,1996.004.05600
52,ID,RPMS-5600-1
52,date,8/3/2021
52,weight,1.04
52,damage,distal
52,source,RJB
53,material,chert
53,thickness,3.2
53,catalog,1996.004.05601
53,ID,RPMS-5601-1
53,date,8/3/2021
53,weight,0.92
53,damage,base-left
53,source,RJB
54,catalog,1996.004.05604
54,date,8/3/2021
54,material,chert
54,thickness,2.3
54,weight,0.35
54,ID,RPMS-5604-1
54,source,RJB
55,catalog,1996.004.05607
55,source,RJB
55,material,chert
55,thickness,2.3
55,ID,RPMS-5607-1
55,date,8/3/2021
55,weight,0.46
55,damage,tip; ear-left;ear-right
56,thickness,2.2
56,catalog,1996.004.05608
56,date,8/3/2021
56,source,RJB
56,material,chert
56,weight,0.41
56,notch,side
56,ID,RPMS-5608-1
57,thickness,5.9
57,catalog,1996.004.05609
57,source,RJB
57,material,felsic igneous fine-grained
57,ID,RPMS-5609-1
57,date,8/3/2021
57,weight,4.51
57,damage,distal; base-right
58,material,chert
58,thickness,3.4
58,catalog,1996.004.05609
58,ID,RPMS-5609-2
58,date,8/3/2021
58,weight,1.16
58,damage,tip
58,notch,side
58,source,RJB
59,catalog,1996.004.05609
59,source,RJB
59,material,chert
59,thickness,5.2
59,ID,RPMS-5609-4
59,date,8/3/2021
59,weight,1
59,damage,tip; blade-lateral-right
60,material,chert
60,thickness,2.8
60,catalog,1996.004.05609
60,ID,RPMS-5609-5
60,date,8/3/2021
60,weight,0.39
60,damage,tip
60,notch,side
60,source,RJB
61,material,chert
61,thickness,2.2
61,catalog,1996.004.05609
61,ID,RPMS-5609-6
61,date,8/3/2021
61,weight,0.33
61,damage,distal
61,source,RJB
62,catalog,1996.004.05611
62,damage,base-proximal
62,notch,side/corner?
62,comment,is base missing or ground?
62,source,RJB
62,material,chert
62,thickness,1.9
62,weight,0.36
62,ID,RPMS-5611-1
62,date,8/3/2021
63,material,chert
63,thickness,5.7
63,catalog,1996.004.05615
63,ID,RPMS-5615-1
63,date,8/3/2021
63,damage,distal; base-left; base-right
63,weight,1.85
63,notch,middle-base
63,source,RJB
64,catalog,1996.004.05617
64,date,8/3/2021
64,material,chert
64,thickness,3.2
64,notch,side
64,ID,RPMS-5617-1
64,source,RJB
64,weight,0.56
64,damage,distal; base-right
65,notch,corner
65,catalog,1996.004.05618
65,thickness,3.9
65,weight,0.54
65,damage,distal
65,source,RJB
65,material,chert
65,comment,serrated
65,ID,RPMS-5618-2
65,date,8/3/2021
66,material,chert
66,thickness,3.1
66,catalog,1996.004.05618
66,ID,RPMS-5618-3
66,date,8/3/2021
66,weight,0.56
66,damage,tip;ear-right
66,source,RJB
67,catalog,1996.004.05619
67,material,chalcedony
67,thickness,2.7
67,ID,RPMS-5619-1
67,date,8/3/2021
67,weight,0.55
67,damage,tip
67,notch,side
67,source,RJB
68,catalog,1996.004.05620
68,source,RJB
68,material,chert
68,thickness,2.4
68,ID,RPMS-5620-1
68,date,8/3/2021
68,weight,0.51
68,damage,distal
68,notch,side
69,catalog,1996.004.05622
69,date,8/3/2021
69,material,chert
69,thickness,1.9
69,notch,side
69,ID,RPMS-5622-1
69,source,RJB
69,weight,0.45
69,damage,blade-lateral-left
70,material,chert
70,thickness,2.8
70,catalog,1996.004.05623
70,ID,RPMS-5623-2
70,date,8/3/2021
70,weight,0.41
70,damage,distal
70,source,RJB
71,catalog,1996.004.05624
71,comment,base appears ground
71,source,RJB
71,material,chert
71,thickness,3.6
71,ID,RPMS-5624-1
71,date,8/3/2021
71,weight,1.26
71,damage,distal;ear-right
72,material,crystal quartz
72,catalog,1996.004.05625
72,date,8/3/2021
72,source,RJB
72,thickness,3.3
72,weight,0.67
72,damage,tip
72,ID,RPMS-5625-1
73,material,chert
73,thickness,2.2
73,catalog,1996.004.05626
73,ID,RPMS-5626-1
73,date,8/3/2021
73,weight,0.37
73,damage,base-right
73,source,RJB
74,thickness,2.8
74,catalog,1996.004.05628
74,date,8/3/2021
74,source,RJB
74,material,chert
74,weight,0.73
74,damage,tip
74,ID,RPMS-5628-1
75,material,chert
75,thickness,2.8
75,catalog,1996.004.05628
75,ID,RPMS-5628-2
75,date,8/3/2021
75,weight,0.43
75,damage,distal
75,source,RJB
76,catalog,1996.004.05628
76,material,mafic igneous fine-grained
76,thickness,3.5
76,ID,RPMS-5628-3
76,date,8/3/2021
76,weight,0.9
76,damage,distal
76,source,RJB
77,catalog,1996.004.05630
77,comment,base appears ground; curved flake
77,date,8/3/2021
77,material,chert
77,thickness,3.9
77,weight,1.44
77,ID,RPMS-5630-1
77,source,RJB
78,material,chert
78,thickness,3.5
78,catalog,1996.004.05631
78,ID,RPMS-5631-1
78,date,8/3/2021
78,weight,0.77
78,damage,distal
78,source,RJB
79,thickness,2.5
79,catalog,1996.004.05634
79,date,8/3/2021
79,source,RJB
79,material,chert
79,weight,0.56
79,notch,side
79,ID,RPMS-5634-1
80,thickness,3.2
80,catalog,1996.004.05638
80,date,8/3/2021
80,source,RJB
80,material,chert
80,weight,0.79
80,notch,side
80,ID,RPMS-5638-1
81,catalog,1996.004.05644
81,source,RJB
81,material,chert
81,thickness,1.8
81,ID,RPMS-5644-1
81,date,8/3/2021
81,weight,0.34
81,damage,distal
81,notch,side
82,catalog,1996.004.05645
82,date,8/3/2021
82,material,chert
82,thickness,2.5
82,weight,0.59
82,ID,RPMS-5645-1
82,source,RJB
83,catalog,1996.004.05646
83,source,RJB
83,material,chert
83,thickness,3.2
83,ID,RPMS-5646-1
83,date,8/3/2021
83,weight,0.67
83,damage,base-right
83,notch,side
84,thickness,2
84,catalog,1996.004.05661
84,date,7/20/2021
84,source,RJB
84,material,chert
84,weight,0.34
84,notch,side
84,ID,RPMS-5661-1
85,catalog,1996.004.05669
85,source,RJB
85,material,chert
85,thickness,3.4
85,ID,RPMS-5669-1
85,date,7/20/2021
85,weight,0.79
85,damage,base-right
85,notch,side
86,catalog,1996.004.05671
86,date,7/20/2021
86,material,chert
86,thickness,2.3
86,weight,0.31
86,ID,RPMS-5671-1
86,source,RJB
87,material,crystal quartz
87,catalog,1996.004.05675
87,date,7/20/2021
87,source,RJB
87,thickness,3.1
87,weight,0.76
87,notch,side
87,ID,RPMS-5675-1
88,thickness,1.9
88,catalog,1996.004.05677
88,date,7/20/2021
88,source,RJB
88,material,chert
88,weight,0.25
88,notch,side
88,ID,RPMS-5677-1
89,thickness,2.6
89,catalog,1996.004.05679
89,date,7/20/2021
89,source,RJB
89,material,chert
89,weight,0.57
89,damage,tip
89,ID,RPMS-5679-2
90,material,chert
90,thickness,3.2
90,catalog,1996.004.05681
90,ID,RPMS-5681-1
90,date,7/20/2021
90,weight,0.67
90,damage,tip
90,notch,side
90,source,RJB
91,catalog,1996.004.05681
91,date,7/20/2021
91,material,chert
91,thickness,5
91,notch,side
91,ID,RPMS-5681-2
91,source,RJB
91,weight,2.44
91,damage,tip; base-right
92,material,chert
92,thickness,2.9
92,catalog,1996.004.05682
92,ID,RPMS-5682-1
92,date,7/20/2021
92,weight,0.73
92,damage,distal
92,source,RJB
93,material,chert
93,thickness,2.9
93,catalog,1996.004.05683
93,ID,RPMS-5683-1
93,date,7/20/2021
93,weight,0.97
93,damage,distal
93,source,RJB
94,thickness,4.2
94,catalog,1996.004.05684
94,date,7/20/2021
94,source,RJB
94,material,chert
94,weight,0.87
94,notch,side
94,ID,RPMS-5684-1
95,thickness,2
95,catalog,1996.004.05685
95,date,7/20/2021
95,source,RJB
95,material,chert
95,weight,0.27
95,notch,side
95,ID,RPMS-5685-1
96,width,9.23
96,damage,distal
96,length,17.22
96,artifact,1
96,catalog,1996.004.05945
96,source,RJB
96,material,chert
96,thickness,4.32
96,weight,0.72
96,ID,RPMS-5945-1
96,date,5/1/2019
97,width,17.25
97,damage,base-corner; distal
97,length,25.26
97,artifact,1
97,catalog,1996.004.05952
97,source,RJB
97,material,chert
97,thickness,3.83
97,weight,1.61
97,ID,RPMS-5952-1
97,date,5/1/2019
98,width,10.19
98,damage,base-corner; distal
98,length,14.6
98,artifact,2
98,catalog,1996.004.05975
98,source,RJB
98,material,chert
98,thickness,2.08
98,weight,0.29
98,ID,RPMS-5975-2
98,date,5/1/2019
99,width,14.68
99,notch,side
99,length,48.53
99,artifact,3
99,catalog,1996.004.05975
99,source,RJB
99,material,chert
99,thickness,5.88
99,weight,3.3
99,ID,RPMS-5975-3
99,date,5/1/2019
100,width,10.1
100,damage,distal
100,length,27.72
100,artifact,1
100,catalog,1996.004.05982
100,source,RJB
100,material,chert
100,thickness,1.64
100,weight,0.44
100,ID,RPMS-5982-1
100,date,5/1/2019
101,width,15.43
101,damage,distal
101,length,20.41
101,artifact,1
101,catalog,1996.004.05983
101,source,RJB
101,material,chert
101,thickness,2.51
101,weight,0.63
101,ID,RPMS-5983-1
101,date,5/1/2019
102,damage,base-corner
102,catalog,1996.004.05986
102,artifact,1
102,width,14.83
102,length,27.02
102,comment,tips of barbs missing
102,source,RJB
102,material,chert
102,thickness,5
102,weight,1.57
102,ID,RPMS-5986-1
102,date,5/1/2019
103,width,10.56
103,notch,side
103,length,43.08
103,artifact,1
103,catalog,1996.004.05987
103,comment,Possibly the coolest point I've seen
103,source,RJB
103,material,chert
103,thickness,2.78
103,weight,0.88
103,ID,RPMS-5987-1
103,date,5/1/2019
104,notch,corner
104,width,16.33
104,length,35.71
104,catalog,1996.004.05988
104,thickness,4.94
104,weight,1.81
104,artifact,2
104,source,RJB
104,material,chert
104,comment,serrated
104,ID,RPMS-5988-2
104,date,5/1/2019
105,length,25.41
105,width,12.85
105,damage,tip
105,weight,1.4
105,artifact,1
105,catalog,1996.004.05997
105,source,RJB
105,material,chert
105,comment,"there is a possibility the base is broken, but I believe it is a complete point other than the tip, although perhaps one that has been modified"
105,thickness,4.67
105,ID,RPMS-5997-1
105,date,5/1/2019
106,width,11.5
106,damage,base-corner; distal
106,length,22.31
106,artifact,1
106,catalog,1996.004.05999
106,source,RJB
106,material,chert
106,thickness,2.72
106,weight,0.65
106,ID,RPMS-5999-1
106,date,5/1/2019
107,width,13.99
107,damage,blade-lateral; tip
107,length,29.73
107,artifact,1
107,catalog,1996.004.06023
107,source,RJB
107,material,chert
107,thickness,3.11
107,weight,0.79
107,ID,RPMS-6023-1
107,date,5/1/2019
108,width,11.05
108,damage,base-corner; distal
108,length,13.17
108,artifact,1
108,catalog,1996.004.06029
108,source,RJB
108,material,chert
108,thickness,2.2
108,weight,0.33
108,ID,RPMS-6029-1
108,date,5/1/2019
109,width,14.84
109,damage,base-corner; distal
109,length,15.92
109,artifact,1
109,catalog,1996.004.06030
109,source,RJB
109,material,?
109,thickness,2.6
109,weight,0.66
109,ID,RPMS-6030-1
109,date,5/1/2019
110,width,11.33
110,damage,base-corner; distal
110,length,18.39
110,artifact,1
110,catalog,1996.004.06031
110,source,RJB
110,material,chert
110,thickness,3.29
110,weight,0.58
110,ID,RPMS-6031-1
110,date,5/1/2019
111,width,6.37
111,length,16.08
111,artifact,1
111,catalog,1996.004.06032
111,source,RJB
111,material,chert
111,thickness,1.56
111,weight,0.12
111,ID,RPMS-6032-1
111,date,5/1/2019
112,width,11.62
112,damage,distal
112,length,18.41
112,artifact,1
112,catalog,1996.004.06033
112,source,RJB
112,material,chert
112,thickness,2.11
112,weight,0.6
112,ID,RPMS-6033-1
112,date,5/1/2019
113,width,6.39
113,damage,distal
113,length,13.97
113,artifact,4
113,catalog,1996.004.06038
113,source,RJB
113,material,chert
113,thickness,2.06
113,weight,0.19
113,ID,RPMS-6038-4
113,date,5/1/2019
114,length,24.46
114,width,15.05
114,damage,base-corner
114,weight,0.54
114,artifact,1
114,catalog,1996.004.06041
114,source,RJB
114,material,obsidian
114,thickness,6.84
114,ID,RPMS-6041-1
114,date,5/1/2019
115,width,8.46
115,damage,tip
115,length,16.95
115,artifact,1
115,catalog,1996.004.06043
115,source,RJB
115,material,chert
115,thickness,1.98
115,weight,0.22
115,ID,RPMS-6043-1
115,date,5/1/2019
116,width,10.77
116,notch,side
116,length,19.39
116,artifact,1
116,catalog,1996.004.06045
116,source,RJB
116,material,chert
116,thickness,3.27
116,weight,0.47
116,ID,RPMS-6045-1
116,date,5/1/2019
117,width,11.94
117,notch,side
117,length,17.4
117,artifact,2
117,catalog,1996.004.06053
117,source,RJB
117,material,chert
117,thickness,2.91
117,weight,0.45
117,ID,RPMS-6053-2
117,date,5/1/2019
118,width,15.2
118,damage,distal
118,length,24.67
118,artifact,1
118,catalog,1996.004.06064
118,source,RJB
118,material,chert
118,thickness,3.91
118,weight,1.36
118,ID,RPMS-6064-1
118,date,5/1/2019
119,width,11.49
119,damage,distal
119,length,24.88
119,artifact,1
119,catalog,1996.004.06067
119,source,RJB
119,material,chert
119,thickness,4.33
119,weight,1.06
119,ID,RPMS-6067-1
119,date,5/1/2019
120,width,10.31
120,damage,tip
120,length,19.05
120,artifact,1
120,catalog,1996.004.06068
120,source,RJB
120,material,chert
120,thickness,2.75
120,weight,0.42
120,ID,RPMS-6068-1
120,date,5/1/2019
121,thickness,3.1
121,catalog,1996.004.06132
121,date,7/20/2021
121,source,RJB
121,material,chert
121,weight,0.46
121,damage,tip
121,ID,RPMS-6132-1
122,thickness,1.8
122,catalog,1996.004.06137
122,ID,RPMS-6137-1
122,date,7/20/2021
122,notch,side; middle-base
122,material,chert
122,weight,0.3
122,damage,distal
122,source,RJB
123,catalog,1996.004.06162
123,date,7/20/2021
123,material,chert
123,thickness,2
123,weight,0.29
123,ID,RPMS-6162-1
123,source,RJB
124,damage,distal
124,width,12.18
124,artifact,1
124,catalog,1996.004.06337
124,source,RJB
124,material,chert
124,thickness,2.44
124,weight,0.54
124,ID,RPMS-6337-1
124,date,5/1/2019
125,length,16.4
125,width,8.51
125,notch,side
125,weight,0.33
125,artifact,1
125,catalog,1996.004.06339
125,source,RJB
125,material,chert
125,comment,doesn't lie straight on the scanner for the back side
125,thickness,3.05
125,ID,RPMS-6339-1
125,date,5/1/2019
126,width,10.91
126,notch,side
126,length,20.65
126,artifact,1
126,catalog,1996.004.06348
126,source,RJB
126,material,chert
126,thickness,1.92
126,weight,0.31
126,ID,RPMS-6348-1
126,date,5/1/2019
127,length,31.32
127,width,22.97
127,weight,3.23
127,artifact,1
127,catalog,1996.004.06351
127,source,RJB
127,material,chert
127,comment,doesn't lie straight on the scanner for the front side
127,thickness,6.57
127,ID,RPMS-6351-1
127,date,5/1/2019
128,width,10.11
128,length,23.06
128,artifact,1
128,catalog,1996.004.06354
128,source,RJB
128,material,chert
128,thickness,2.67
128,weight,0.56
128,ID,RPMS-6354-1
128,date,5/1/2019
129,width,11.04
129,damage,tip
129,length,22.44
129,artifact,1
129,catalog,1996.004.06357
129,source,RJB
129,material,chert
129,thickness,3.54
129,weight,0.64
129,ID,RPMS-6357-1
129,date,5/1/2019
130,length,15.03
130,width,9.13
130,notch,side
130,weight,0.25
130,artifact,2
130,catalog,1996.004.06358
130,source,RJB
130,material,obsidian
130,thickness,2.51
130,ID,RPMS-6358-2
130,date,5/1/2019
131,damage,base-side
131,weight,0.96
131,artifact,1
131,catalog,1996.004.06362
131,source,RJB
131,material,quartz
131,thickness,3.24
131,ID,RPMS-6362-1
131,date,5/1/2019
132,damage,base-missing
132,artifact,1
132,catalog,1996.004.06363
132,source,RJB
132,material,chert
132,thickness,3.02
132,weight,0.81
132,ID,RPMS-6363-1
132,date,5/1/2019
133,width,11.31
133,notch,side
133,length,26.52
133,artifact,1
133,catalog,1996.004.06366
133,comment,flake; note says it was illustrated
133,source,RJB
133,material,chert
133,thickness,2.42
133,weight,0.59
133,ID,RPMS-6366-1
133,date,5/1/2019
134,width,10.72
134,notch,side
134,length,26.8
134,artifact,1
134,catalog,1996.004.06368
134,source,RJB
134,material,chert
134,thickness,3.92
134,weight,0.95
134,ID,RPMS-6368-1
134,date,5/1/2019
135,width,11.67
135,notch,side
135,length,30.16
135,artifact,1
135,catalog,1996.004.06370
135,source,RJB
135,material,chert
135,thickness,2.45
135,weight,0.78
135,ID,RPMS-6370-1
135,date,5/1/2019
136,width,10.59
136,damage,tip
136,length,20.67
136,artifact,1
136,catalog,1996.004.06375
136,source,RJB
136,material,chert
136,thickness,2.55
136,weight,0.47
136,ID,RPMS-6375-1
136,date,5/1/2019
137,width,12.18
137,notch,side
137,length,19.88
137,artifact,1
137,catalog,1996.004.06379
137,source,RJB
137,material,chert
137,thickness,2.74
137,weight,0.49
137,ID,RPMS-6379-1
137,date,5/1/2019
138,width,10.81
138,notch,side
138,length,20.27
138,artifact,1
138,catalog,1996.004.06380
138,source,RJB
138,material,chert
138,thickness,2.44
138,weight,0.37
138,ID,RPMS-6380-1
138,date,5/1/2019
139,length,21.64
139,width,11.49
139,damage,tip
139,weight,0.64
139,artifact,1
139,catalog,1996.004.06383
139,source,RJB
139,material,chert?
139,thickness,2.91
139,ID,RPMS-6383-1
139,date,5/1/2019
140,width,10.57
140,damage,blade-lateral
140,length,21.62
140,artifact,1
140,catalog,1996.004.06390
140,source,RJB
140,material,chert
140,thickness,2.71
140,weight,0.61
140,ID,RPMS-6390-1
140,date,5/1/2019
141,length,19.66
141,width,8.22
141,weight,0.26
141,artifact,1
141,catalog,1996.004.06391
141,source,RJB
141,material,chert
141,comment,doesn't lie straight on the scanner for the front side
141,thickness,2.54
141,ID,RPMS-6391-1
141,date,5/1/2019
142,width,9.66
142,length,25.34
142,artifact,2
142,catalog,1996.004.06391
142,source,RJB
142,material,chert
142,thickness,2.2
142,weight,0.43
142,ID,RPMS-6391-2
142,date,5/1/2019
143,width,12.99
143,notch,side
143,length,21.66
143,artifact,1
143,catalog,1996.004.06395
143,source,RJB
143,material,chert
143,thickness,3.45
143,weight,0.62
143,ID,RPMS-6395-1
143,date,5/1/2019
144,width,10.83
144,damage,distal
144,length,12.51
144,artifact,3
144,catalog,1996.004.06444
144,source,RJB
144,material,chert
144,thickness,1.79
144,weight,0.2
144,ID,RPMS-6444-3
144,date,5/1/2019
145,width,10.19
145,damage,base-side; distal
145,length,17.89
145,artifact,1
145,catalog,1996.004.06448
145,source,RJB
145,material,chert
145,thickness,2.36
145,weight,0.41
145,ID,RPMS-6448-1
145,date,5/1/2019
146,width,12.77
146,damage,tip
146,length,23.09
146,artifact,1
146,catalog,1996.004.06453
146,source,RJB
146,material,chert
146,thickness,3.53
146,weight,1.01
146,ID,RPMS-6453-1
146,date,5/1/2019
147,width,14.7
147,damage,distal
147,length,19.66
147,artifact,1
147,catalog,1996.004.06456
147,source,RJB
147,material,chert
147,thickness,2.61
147,weight,0.66
147,ID,RPMS-6456-1
147,date,5/1/2019
148,width,9.83
148,damage,distal
148,length,10.82
148,artifact,2
148,catalog,1996.004.06464
148,source,RJB
148,material,chert
148,thickness,2.08
148,weight,0.28
148,ID,RPMS-6464-2
148,date,5/1/2019
149,width,10.74
149,damage,base-side; distal
149,length,23.25
149,artifact,1
149,catalog,1996.004.06465
149,source,RJB
149,material,chert
149,thickness,2.74
149,weight,0.56
149,ID,RPMS-6465-1
149,date,5/1/2019
150,width,11.32
150,notch,side
150,length,24.19
150,artifact,1
150,catalog,1996.004.06467
150,source,RJB
150,material,chert
150,thickness,2.44
150,weight,0.51
150,ID,RPMS-6467-1
150,date,5/1/2019
151,width,10.48
151,notch,side
151,length,20.58
151,artifact,1
151,catalog,1996.004.06472
151,source,RJB
151,material,chert
151,thickness,2.21
151,weight,0.43
151,ID,RPMS-6472-1
151,date,5/1/2019
152,width,11.66
152,notch,side
152,length,19.92
152,artifact,1
152,catalog,1996.004.06474
152,source,RJB
152,material,chert
152,thickness,1.93
152,weight,0.36
152,ID,RPMS-6474-1
152,date,5/1/2019
153,width,12.56
153,damage,tip
153,length,16.76
153,artifact,1
153,catalog,1996.004.06478
153,source,RJB
153,material,chert
153,thickness,2.67
153,weight,0.53
153,ID,RPMS-6478-1
153,date,5/1/2019
154,width,5.75
154,damage,base-sides
154,length,20.31
154,artifact,1
154,catalog,1996.004.06479
154,source,RJB
154,material,chert
154,thickness,2.88
154,weight,0.33
154,ID,RPMS-6479-1
154,date,5/1/2019
155,width,11.42
155,length,23.05
155,artifact,2
155,catalog,1996.004.06479
155,source,RJB
155,material,chert
155,thickness,2.95
155,weight,0.68
155,ID,RPMS-6479-2
155,date,5/1/2019
156,width,9.2
156,length,18.46
156,artifact,1
156,catalog,1996.004.06482
156,source,RJB
156,material,chert
156,thickness,2.5
156,weight,0.39
156,ID,RPMS-6482-1
156,date,5/1/2019
157,width,14.74
157,damage,distal
157,length,21.87
157,artifact,1
157,catalog,1996.004.06483
157,source,RJB
157,material,chert
157,thickness,3.36
157,weight,1.09
157,ID,RPMS-6483-1
157,date,5/1/2019
158,width,9.57
158,notch,side
158,length,22.96
158,artifact,1
158,catalog,1996.004.06484
158,source,RJB
158,material,chert
158,thickness,2.68
158,weight,0.58
158,ID,RPMS-6484-1
158,date,5/1/2019
159,width,14.92
159,notch,side
159,length,33.31
159,artifact,1
159,catalog,1996.004.06492
159,source,RJB
159,material,chert
159,thickness,3.13
159,weight,1.11
159,ID,RPMS-6492-1
159,date,5/1/2019
160,width,11.54
160,damage,base-side
160,length,21.11
160,artifact,1
160,catalog,1996.004.06493
160,source,RJB
160,material,chert
160,thickness,3.02
160,weight,0.57
160,ID,RPMS-6493-1
160,date,5/1/2019
161,width,12.89
161,length,29.64
161,artifact,1
161,catalog,1996.004.06499
161,source,RJB
161,material,chert
161,thickness,4.81
161,weight,1.51
161,ID,RPMS-6499-1
161,date,5/1/2019
162,width,11.11
162,notch,side
162,length,20.22
162,artifact,2
162,catalog,1996.004.06499
162,source,RJB
162,material,chert
162,thickness,3.49
162,weight,0.51
162,ID,RPMS-6499-2
162,date,5/1/2019
163,width,8.22
163,notch,side
163,length,24.36
163,artifact,3
163,catalog,1996.004.06499
163,source,RJB
163,material,chert
163,thickness,3.24
163,weight,0.43
163,ID,RPMS-6499-3
163,date,5/1/2019
164,catalog,1996.004.06501
164,notch,side
164,length,18.73
164,width,10.79
164,thickness,2.63
164,weight,0.48
164,artifact,1
164,source,RJB
164,material,chert
164,comment,notches are faint
164,ID,RPMS-6501-1
164,date,5/1/2019
165,length,26.5
165,width,9.93
165,notch,side
165,weight,0.92
165,artifact,2
165,catalog,1996.004.06501
165,source,RJB
165,material,chalcedony
165,thickness,3.05
165,ID,RPMS-6501-2
165,date,5/1/2019
166,width,10.47
166,length,28.05
166,artifact,1
166,catalog,1996.004.06502
166,source,RJB
166,material,chert
166,thickness,1.84
166,weight,0.5
166,ID,RPMS-6502-1
166,date,5/1/2019
167,width,10.76
167,damage,distal
167,length,19.71
167,artifact,1
167,catalog,1996.004.06503
167,comment,flake; almost a uniface
167,weight,0.69
167,source,RJB
167,material,chalcedony
167,thickness,3.22
167,ID,RPMS-6503-1
167,date,5/1/2019
168,width,10.46
168,notch,side
168,length,19.65
168,artifact,1
168,catalog,1996.004.06509
168,source,RJB
168,material,chert
168,thickness,2.92
168,weight,0.51
168,ID,RPMS-6509-1
168,date,5/1/2019
169,notch,side
169,catalog,1996.004.06511
169,artifact,1
169,width,10.26
169,length,20.59
169,comment,flake; almost a uniface
169,source,RJB
169,material,chert
169,thickness,2.32
169,weight,0.47
169,ID,RPMS-6511-1
169,date,5/1/2019
170,width,13.44
170,notch,side
170,length,18.3
170,artifact,1
170,catalog,1996.004.06514
170,source,RJB
170,material,chert
170,thickness,3.04
170,weight,0.64
170,ID,RPMS-6514-1
170,date,5/1/2019
171,width,11.1
171,notch,side
171,length,23.62
171,artifact,1
171,catalog,1996.004.06519
171,source,RJB
171,material,chert
171,thickness,1.99
171,weight,0.39
171,ID,RPMS-6519-1
171,date,5/1/2019
172,width,11.26
172,damage,distal
172,length,16.79
172,artifact,1
172,catalog,1996.004.06520
172,source,RJB
172,material,chert
172,thickness,2.87
172,weight,0.5
172,ID,RPMS-6520-1
172,date,5/1/2019
173,width,13.9
173,length,21.91
173,catalog,1996.004.06521
173,thickness,3.3
173,weight,0.84
173,artifact,1
173,source,RJB
173,material,chert
173,comment,mostly unifacial
173,ID,RPMS-6521-1
173,date,5/1/2019
174,length,19.56
174,width,9.16
174,weight,0.27
174,artifact,2
174,catalog,1996.004.06521
174,source,RJB
174,material,obsidian
174,thickness,2.27
174,ID,RPMS-6521-2
174,date,5/1/2019
175,width,11.06
175,length,24.41
175,artifact,1
175,catalog,1996.004.06524
175,source,RJB
175,material,chert
175,thickness,3.16
175,weight,0.61
175,ID,RPMS-6524-1
175,date,5/1/2019
176,width,8.55
176,damage,base-side
176,length,21.12
176,artifact,1
176,catalog,1996.004.06526
176,source,RJB
176,material,chert
176,thickness,2.44
176,weight,0.36
176,ID,RPMS-6526-1
176,date,5/1/2019
177,width,12.97
177,notch,side
177,length,19
177,artifact,1
177,catalog,1996.004.06527
177,source,RJB
177,material,chert
177,thickness,2.85
177,weight,0.44
177,ID,RPMS-6527-1
177,date,5/1/2019
178,width,12.81
178,notch,side
178,length,21.02
178,artifact,1
178,catalog,1996.004.06533
178,source,RJB
178,material,chert
178,thickness,2.71
178,weight,0.52
178,ID,RPMS-6533-1
178,date,5/1/2019
179,width,10.35
179,damage,distal
179,length,19.26
179,artifact,1
179,catalog,1996.004.06536
179,source,RJB
179,material,chert
179,thickness,2.75
179,weight,0.48
179,ID,RPMS-6536-1
179,date,5/1/2019
180,width,13.43
180,damage,base-side
180,length,25.91
180,artifact,1
180,catalog,1996.004.06537
180,source,RJB
180,material,chert
180,thickness,3.2
180,weight,0.82
180,ID,RPMS-6537-1
180,date,5/1/2019
181,width,12.24
181,damage,tip
181,length,20.07
181,artifact,1
181,catalog,1996.004.06539
181,source,RJB
181,material,chert
181,thickness,3.2
181,weight,0.63
181,ID,RPMS-6539-1
181,date,5/1/2019
182,damage,distal
182,catalog,1996.004.06543
182,artifact,1
182,width,10.82
182,length,22.8
182,comment,step fracture on top side
182,source,RJB
182,material,chert
182,thickness,3.01
182,weight,0.73
182,ID,RPMS-6543-1
182,date,5/1/2019
183,catalog,1996.004.06546
183,artifact,1
183,width,10.45
183,length,21.68
183,comment,probable drill bit
183,source,RJB
183,material,chert
183,thickness,3.17
183,weight,0.51
183,ID,RPMS-6546-1
183,date,5/1/2019
184,width,11.59
184,notch,side
184,length,23.8
184,artifact,2
184,catalog,1996.004.06546
184,source,RJB
184,material,chert
184,thickness,2.92
184,weight,0.62
184,ID,RPMS-6546-2
184,date,5/1/2019
185,width,6.63
185,damage,base-side
185,length,20.7
185,artifact,3
185,catalog,1996.004.06546
185,source,RJB
185,material,chert
185,thickness,2.47
185,weight,0.35
185,ID,RPMS-6546-3
185,date,5/1/2019
186,width,11.61
186,notch,side
186,length,23.71
186,artifact,1
186,catalog,1996.004.06547
186,source,RJB
186,material,chert
186,thickness,3.13
186,weight,0.62
186,ID,RPMS-6547-1
186,date,5/1/2019
187,width,9.7
187,damage,distal
187,length,15.9
187,artifact,1
187,catalog,1996.004.06549
187,source,RJB
187,material,chert
187,thickness,2.5
187,weight,0.38
187,ID,RPMS-6549-1
187,date,5/1/2019
188,length,28.77
188,width,16.53
188,weight,1.24
188,artifact,2
188,catalog,1996.004.06552
188,source,RJB
188,material,chalcedony
188,thickness,3.46
188,ID,RPMS-6552-2
188,date,5/1/2019
189,width,11
189,damage,distal
189,length,13.47
189,artifact,3
189,catalog,1996.004.06552
189,source,RJB
189,material,chert
189,thickness,3.1
189,weight,0.41
189,ID,RPMS-6552-3
189,date,5/1/2019
190,width,9.63
190,damage,base-side
190,length,23.4
190,artifact,2
190,catalog,1996.004.06553
190,source,RJB
190,material,chert
190,thickness,2.89
190,weight,0.55
190,ID,RPMS-6553-2
190,date,5/1/2019
191,width,13.23
191,notch,side
191,length,23.5
191,artifact,2
191,catalog,1996.004.06555
191,source,RJB
191,material,chert
191,thickness,3.5
191,weight,0.62
191,ID,RPMS-6555-2
191,date,5/1/2019
192,width,9.01
192,damage,base-side
192,length,23.78
192,artifact,3
192,catalog,1996.004.06555
192,source,RJB
192,material,chert
192,thickness,2.54
192,weight,0.45
192,ID,RPMS-6555-3
192,date,5/1/2019
193,width,9.89
193,damage,base-side
193,length,19.11
193,artifact,4
193,catalog,1996.004.06555
193,source,RJB
193,material,chert
193,thickness,3.4
193,weight,0.71
193,ID,RPMS-6555-4
193,date,5/1/2019
194,width,13.05
194,damage,distal
194,length,22.84
194,artifact,1
194,catalog,1996.004.06557
194,source,RJB
194,material,chert
194,thickness,3.21
194,weight,0.97
194,ID,RPMS-6557-1
194,date,5/1/2019
195,width,12.65
195,length,26.67
195,artifact,46
195,catalog,1996.004.06561
195,source,RJB
195,material,chert
195,thickness,2.42
195,weight,0.61
195,ID,RPMS-6561-46
195,date,5/1/2019
196,catalog,1996.004.06563
196,notch,side; middle-base
196,artifact,1
196,width,12.17
196,length,25.96
196,comment,possibly minor damage do base
196,source,RJB
196,material,chert
196,thickness,2.5
196,weight,0.72
196,ID,RPMS-6563-1
196,date,5/1/2019
197,width,10.67
197,length,28.1
197,artifact,1
197,catalog,1996.004.06566
197,source,RJB
197,material,chert
197,thickness,2.93
197,weight,0.75
197,ID,RPMS-6566-1
197,date,5/1/2019
198,length,21.52
198,width,15.93
198,notch,side
198,weight,1.01
198,artifact,1
198,catalog,1996.004.06567
198,source,RJB
198,material,chalcedony
198,thickness,3.95
198,ID,RPMS-6567-1
198,date,5/1/2019
199,catalog,1996.004.06567
199,artifact,2
199,width,19.28
199,length,41.69
199,comment,possible dart point
199,source,RJB
199,material,chert
199,thickness,4.96
199,weight,3.51
199,ID,RPMS-6567-2
199,date,5/1/2019
200,width,12.05
200,notch,side
200,length,19.6
200,artifact,1
200,catalog,1996.004.06568
200,source,RJB
200,material,chert
200,thickness,2.89
200,weight,0.41
200,ID,RPMS-6568-1
200,date,5/1/2019
201,catalog,1996.004.06572
201,notch,side
201,length,21.88
201,width,12.12
201,thickness,2.39
201,weight,0.58
201,artifact,1
201,source,RJB
201,material,chert
201,comment,mostly unifacial
201,ID,RPMS-6572-1
201,date,5/1/2019
202,width,10.92
202,notch,side
202,length,18.14
202,artifact,1
202,catalog,1996.004.06577
202,source,RJB
202,material,chert
202,thickness,2.22
202,weight,0.3
202,ID,RPMS-6577-1
202,date,5/1/2019
203,length,23.17
203,width,12.05
203,weight,0.62
203,artifact,1
203,catalog,1996.004.06579
203,source,RJB
203,material,chalcedony
203,thickness,2.86
203,ID,RPMS-6579-1
203,date,5/1/2019
204,notch,side
204,catalog,1996.004.06582
204,artifact,1
204,width,9.74
204,length,16.92
204,comment,possibly chert but smooth
204,source,RJB
204,material,?
204,thickness,2.55
204,weight,0.21
204,ID,RPMS-6582-1
204,date,5/1/2019
205,width,10.38
205,damage,base-side
205,length,22.33
205,artifact,1
205,catalog,1996.004.06583
205,comment,probable drill bit
205,weight,0.43
205,source,RJB
205,material,chalcedony
205,thickness,3.43
205,ID,RPMS-6583-1
205,date,5/1/2019
206,width,10.34
206,damage,tip
206,length,27.02
206,artifact,1
206,catalog,1996.004.06584
206,source,RJB
206,material,chert
206,thickness,2.99
206,weight,0.76
206,ID,RPMS-6584-1
206,date,5/1/2019
207,length,21.58
207,width,14.01
207,damage,tip
207,weight,0.89
207,artifact,1
207,catalog,1996.004.06585
207,source,RJB
207,material,chert ?
207,thickness,2.72
207,ID,RPMS-6585-1
207,date,5/1/2019
208,width,14.17
208,notch,side
208,length,23.66
208,artifact,1
208,catalog,1996.004.06594
208,source,RJB
208,material,chert
208,thickness,2.84
208,weight,0.72
208,ID,RPMS-6594-1
208,date,5/1/2019
209,width,7.83
209,damage,distal
209,length,15.61
209,artifact,1
209,catalog,1996.004.06598
209,source,RJB
209,material,chert
209,thickness,1.86
209,weight,0.22
209,ID,RPMS-6598-1
209,date,5/1/2019
210,width,7.93
210,length,17.77
210,artifact,1
210,catalog,1996.004.06601
210,source,RJB
210,material,chert
210,thickness,3.55
210,weight,0.32
210,ID,RPMS-6601-1
210,date,5/1/2019
211,length,22.4
211,width,13.42
211,notch,side
211,weight,0.55
211,artifact,1
211,catalog,1996.004.06602
211,source,RJB
211,material,obsidian
211,thickness,2.84
211,ID,RPMS-6602-1
211,date,5/1/2019
212,width,9.28
212,notch,side
212,length,23.37
212,artifact,1
212,catalog,1996.004.06612
212,source,RJB
212,material,chert
212,thickness,2.25
212,weight,0.34
212,ID,RPMS-6612-1
212,date,5/1/2019
213,width,13.06
213,notch,side; middle-base
213,length,24.54
213,artifact,1
213,catalog,1996.004.06615
213,source,RJB
213,material,chert
213,thickness,2.22
213,weight,0.44
213,ID,RPMS-6615-1
213,date,5/1/2019
214,width,12.83
214,damage,distal
214,length,17.61
214,artifact,1
214,catalog,1996.004.06624
214,source,RJB
214,material,chert
214,thickness,2.95
214,weight,0.64
214,ID,RPMS-6624-1
214,date,5/1/2019
215,width,16.76
215,notch,side
215,length,27.75
215,artifact,1
215,catalog,1996.004.06641
215,source,RJB
215,material,chert
215,thickness,5.47
215,weight,1.88
215,ID,RPMS-6641-1
215,date,5/1/2019
216,catalog,1996.004.06651
216,artifact,1
216,width,19.94
216,length,34.29
216,comment,some damage to tip but does not affect outline
216,thickness,7.16
216,weight,4.35
216,source,RJB
216,material,mafic igneous fine-grained
216,ID,RPMS-6651-1
216,date,5/1/2019
217,width,13.16
217,length,33.73
217,artifact,1
217,catalog,1996.004.06657
217,source,RJB
217,material,chert
217,thickness,2.72
217,weight,1.01
217,ID,RPMS-6657-1
217,date,5/1/2019
218,length,23.55
218,width,9.62
218,weight,0.42
218,artifact,1
218,catalog,1996.004.06662
218,source,RJB
218,material,chert ?
218,thickness,2.43
218,ID,RPMS-6662-1
218,date,5/1/2019
219,width,11.86
219,damage,distal
219,length,15.94
219,artifact,1
219,catalog,1996.004.06663
219,source,RJB
219,material,chert
219,thickness,3.33
219,weight,0.64
219,ID,RPMS-6663-1
219,date,5/1/2019
220,length,16.04
220,width,8.06
220,damage,distal
220,weight,0.27
220,artifact,1
220,catalog,1996.004.06668
220,source,RJB
220,material,chert?
220,thickness,2.17
220,ID,RPMS-6668-1
220,date,5/1/2019
221,width,12.25
221,damage,distal
221,length,15.81
221,artifact,1
221,catalog,1996.004.06669
221,source,RJB
221,material,chert
221,thickness,2.23
221,weight,0.43
221,ID,RPMS-6669-1
221,date,5/1/2019
222,width,12.63
222,notch,side
222,length,20.98
222,artifact,1
222,catalog,1996.004.06670
222,source,RJB
222,material,chert
222,thickness,2.49
222,weight,0.5
222,ID,RPMS-6670-1
222,date,5/1/2019
223,width,13.02
223,damage,distal
223,length,25.09
223,artifact,1
223,catalog,1996.004.06671
223,source,RJB
223,material,chert
223,thickness,3.45
223,weight,0.97
223,ID,RPMS-6671-1
223,date,5/1/2019
224,width,9.98
224,notch,side
224,length,23.5
224,artifact,1
224,catalog,1996.004.06674
224,source,RJB
224,material,chert
224,thickness,3.25
224,weight,0.6
224,ID,RPMS-6674-1
224,date,5/1/2019
225,width,14.88
225,notch,side
225,length,34.09
225,artifact,1
225,catalog,1996.004.06678
225,source,RJB
225,material,chert
225,thickness,3.1
225,weight,1.49
225,ID,RPMS-6678-1
225,date,5/1/2019
226,width,15.05
226,damage,distal
226,length,26.76
226,artifact,2
226,catalog,1996.004.06678
226,source,RJB
226,material,chert
226,thickness,3.67
226,weight,1.28
226,ID,RPMS-6678-2
226,date,5/1/2019
227,width,12.86
227,damage,tip
227,length,21.86
227,artifact,1
227,catalog,1996.004.06680
227,source,RJB
227,material,chert
227,thickness,2.88
227,weight,0.6
227,ID,RPMS-6680-1
227,date,5/1/2019
228,length,19.47
228,width,9.78
228,damage,distal
228,weight,0.6
228,artifact,1
228,catalog,1996.004.06681
228,source,RJB
228,material,chert ?
228,thickness,2.82
228,ID,RPMS-6681-1
228,date,5/1/2019
229,length,27.68
229,width,12.21
229,notch,side
229,weight,0.75
229,artifact,2
229,catalog,1996.004.06681
229,source,RJB
229,material,chert ?
229,thickness,2.65
229,ID,RPMS-6681-2
229,date,5/1/2019
230,length,25.18
230,width,12.06
230,damage,distal
230,weight,0.57
230,artifact,3
230,catalog,1996.004.06681
230,source,RJB
230,material,chert ?
230,thickness,2.44
230,ID,RPMS-6681-3
230,date,5/1/2019
231,length,21.84
231,width,12.5
231,damage,distal
231,weight,0.57
231,artifact,4
231,catalog,1996.004.06681
231,source,RJB
231,material,chert ?
231,thickness,2.63
231,ID,RPMS-6681-4
231,date,5/1/2019
232,length,16.61
232,width,12.45
232,damage,distal
232,weight,0.49
232,artifact,7
232,catalog,1996.004.06681
232,source,RJB
232,material,chert ?
232,thickness,2.53
232,ID,RPMS-6681-7
232,date,5/1/2019
233,length,17.45
233,width,8.61
233,damage,tip
233,weight,0.2
233,artifact,1
233,catalog,1996.004.06682
233,source,RJB
233,material,chert ?
233,thickness,1.64
233,ID,RPMS-6682-1
233,date,5/1/2019
234,length,19.18
234,width,12.38
234,damage,distal
234,weight,0.57
234,artifact,1
234,catalog,1996.004.06685
234,source,RJB
234,material,chert ?
234,thickness,2.75
234,ID,RPMS-6685-1
234,date,5/1/2019
235,width,11.67
235,damage,base-corner; tip
235,length,25.4
235,artifact,1
235,catalog,1996.004.06687
235,source,RJB
235,material,chert
235,thickness,2.47
235,weight,0.59
235,ID,RPMS-6687-1
235,date,5/1/2019
236,width,22.58
236,damage,distal
236,length,35.22
236,artifact,1
236,catalog,1996.004.06688
236,source,RJB
236,material,chert
236,thickness,4.62
236,weight,3.36
236,ID,RPMS-6688-1
236,date,5/1/2019
237,length,28.17
237,width,12.89
237,notch,side
237,weight,0.81
237,artifact,1
237,catalog,1996.004.06689
237,source,RJB
237,material,chert ?
237,thickness,3.08
237,ID,RPMS-6689-1
237,date,5/1/2019
238,length,14.94
238,width,7.63
238,weight,0.19
238,artifact,1
238,catalog,1996.004.06690
238,source,RJB
238,material,chert ?
238,thickness,2.04
238,ID,RPMS-6690-1
238,date,5/1/2019
239,length,22.66
239,width,11.84
239,weight,0.49
239,artifact,1
239,catalog,1996.004.06691
239,source,RJB
239,material,chert ?
239,thickness,2.53
239,ID,RPMS-6691-1
239,date,5/1/2019
240,width,10.05
240,damage,distal
240,length,15.54
240,artifact,1
240,catalog,1996.004.06692
240,source,RJB
240,material,chert
240,thickness,3.11
240,weight,0.53
240,ID,RPMS-6692-1
240,date,5/1/2019
241,width,12.6
241,damage,base-corner; tip
241,length,17.07
241,artifact,1
241,catalog,1996.004.06693
241,source,RJB
241,material,chert
241,thickness,2.5
241,weight,0.49
241,ID,RPMS-6693-1
241,date,5/1/2019
242,damage,base-corner; tip
242,width,17.9
242,length,39.04
242,catalog,1996.004.06694
242,thickness,7.48
242,weight,3.85
242,artifact,1
242,source,RJB
242,material,chert
242,comment,one ear missing
242,ID,RPMS-6694-1
242,date,5/1/2019
243,damage,base-side; tip
243,catalog,1996.004.06697
243,artifact,1
243,width,7.76
243,length,19.53
243,comment,base totally missing
243,source,RJB
243,material,chert
243,thickness,2.07
243,weight,0.25
243,ID,RPMS-6697-1
243,date,5/1/2019
244,width,11.3
244,damage,distal
244,length,28.3
244,artifact,1
244,catalog,1996.004.06698
244,source,RJB
244,material,chert
244,thickness,4.8
244,weight,1.52
244,ID,RPMS-6698-1
244,date,5/1/2019
245,width,10.11
245,damage,distal
245,length,12.08
245,artifact,1
245,catalog,1996.004.06701
245,source,RJB
245,material,chert
245,thickness,2.36
245,weight,0.25
245,ID,RPMS-6701-1
245,date,5/1/2019
246,width,9.58
246,notch,side
246,length,15.65
246,artifact,1
246,catalog,1996.004.06702
246,source,RJB
246,material,chert
246,thickness,2.32
246,weight,0.25
246,ID,RPMS-6702-1
246,date,5/1/2019
247,width,13.09
247,damage,distal
247,length,28.77
247,artifact,1
247,catalog,1996.004.06704
247,source,RJB
247,material,chert
247,thickness,2.95
247,weight,0.83
247,ID,RPMS-6704-1
247,date,5/1/2019
248,length,13.72
248,width,12.38
248,damage,distal
248,weight,0.47
248,artifact,1
248,catalog,1996.004.06713
248,source,RJB
248,material,chert
248,comment,notched?; seems broken right at the notch
248,thickness,2.87
248,ID,RPMS-6713-1
248,date,5/1/2019
249,comment,Archaic; Not scanned
249,source,RJB
249,ID,CARP-13630-1
249,date,8/10/2021
250,date,8/10/2021
250,material,chert
250,thickness,0.18
250,notch,side
250,ID,CARP-2295-1
250,source,RJB
250,weight,1.37
250,damage,tip; base-missing
251,thickness,0.86
251,date,8/10/2021
251,material,obsidian
251,notch,corner
251,ID,CARP-2336-1
251,weight,0.66
251,damage,base-left
251,source,RJB
252,thickness,0.1
252,date,8/10/2021
252,material,obsidian
252,notch,side/corner?
252,ID,CARP-2363-1
252,weight,0.42
252,damage,base-proximal
252,source,RJB
253,source,RJB
253,material,obsidian
253,thickness,0.11
253,ID,CARP-2269-1
253,date,8/10/2021
253,weight,0.52
253,damage,tip
253,notch,corner
254,thickness,0.07
254,date,8/10/2021
254,material,obsidian
254,weight,0.24
254,ID,CARP-2670-1
254,source,RJB
255,material,obsidian
255,date,8/10/2021
255,source,RJB
255,thickness,0.07
255,notch,corner
255,ID,CARP-2354-1
255,weight,0.25
255,damage,distal; base-proximal
256,source,RJB
256,material,obsidian
256,thickness,0.1
256,ID,CARP-2358-1
256,date,9/14/2021
256,weight,0.52
256,damage,base-left; distal
257,thickness,0.1
257,date,9/14/2021
257,material,obsidian
257,weight,0.38
257,ID,CARP-2483-1
257,source,RJB
258,date,9/14/2021
258,material,chert
258,thickness,0.09
258,notch,corner
258,ID,CARP-2292-1
258,weight,0.8
258,damage,distal
258,source,RJB
259,material,quartz
259,date,9/14/2021
259,source,RJB
259,thickness,0.07
259,weight,0.5
259,notch,side
259,ID,CARP-2290-1
260,source,RJB
260,material,obsidian
260,ID,CARP-2597-1
260,date,9/14/2021
260,weight,0.16; 2.09
260,notch,corner
261,comment,clear hafting area with basal indent
261,material,obsidian
261,thickness,0.21
261,ID,CARP-2240-1
261,date,9/14/2021
261,weight,1.84
261,damage,distal
261,source,RJB
262,thickness,0.16
262,date,9/14/2021
262,material,obsidian
262,notch,corner
262,ID,CARP-2443-1
262,weight,1.29
262,damage,distal
262,source,RJB
263,material,obsidian
263,thickness,0.1
263,ID,CARP-2623-1
263,date,9/14/2021
263,weight,0.74
263,notch,corner
263,source,RJB
264,source,RJB
264,material,chert
264,thickness,0.11
264,ID,CARP-2296-1
264,date,9/14/2021
264,weight,0.71
264,damage,distal
264,notch,side
265,material,obsidian
265,ID,CARP-2611-1
265,date,9/14/2021
265,notch,side; middle-base
265,thickness,0.17
265,weight,2
265,damage,base-right
265,source,RJB
266,thickness,4.8
266,date,10/5/2021
266,material,obsidian
266,notch,corner
266,ID,CARP-2339-1
266,weight,2.37
266,damage,ear-right?
266,source,RJB
267,thickness,3.1
267,date,10/5/2021
267,source,RJB
267,material,chert
267,weight,0.63
267,notch,side
267,ID,CARP-2289-1
268,thickness,2.1
268,date,10/5/2021
268,material,chalcedony
268,notch,side
268,ID,CARP-2294-1
268,source,RJB
268,weight,0.37
268,damage,tip; base-right
269,thickness,1.8
269,date,10/5/2021
269,source,RJB
269,material,chert
269,weight,0.38
269,notch,side
269,ID,CARP-2297-1
270,material,obsidian
270,date,10/5/2021
270,source,RJB
270,thickness,3.6
270,weight,2.09
270,notch,side
270,ID,CARP-2340-1
271,material,obsidian
271,thickness,2.6
271,ID,CARP-2569-1
271,date,10/5/2021
271,weight,0.28
271,damage,ear-right
271,source,RJB
272,source,RJB
272,material,obsidian
272,thickness,3.4
272,ID,CARP-2226-1
272,date,10/5/2021
272,weight,0.81
272,damage,distal
272,notch,side
273,material,obsidian
273,thickness,5.8
273,ID,CARP-2411-1
273,date,10/5/2021
273,weight,1.54
273,notch,corner; basal
273,source,RJB
274,source,RJB
274,material,obsidian
274,thickness,4.7
274,ID,CARP-2605-1
274,date,10/5/2021
274,weight,1.45
274,damage,tip; blade-lateral-left
275,thickness,2.7
275,comment,curved flake; crudely made
275,date,10/5/2021
275,material,obsidian
275,weight,0.83
275,ID,CARP-2232-1
275,source,RJB
